{"cameraMode":{"drawMode":0,"name":"Shaded","section":"Shading Mode"},"sceneLighting":true,"audioPlay":false,"sceneViewState":{"m_AlwaysRefresh":false,"showFog":true,"showSkybox":true,"showFlares":true,"showImageEffects":true,"showParticleSystems":true,"showVisualEffectGraphs":true,"m_FxEnabled":true},"in2DMode":false,"pivot":{"x":-2.301102876663208,"y":1.6734545230865479,"z":-29.27507781982422},"rotation":{"x":-0.10985184460878372,"y":0.14763514697551728,"z":-0.016534432768821718,"w":-0.9828621745109558},"size":0.0953361988067627,"orthographic":false}